{"Keys":["com.unity.services.core.cloud-environment","com.unity.services.qos.version","com.unity.services.analytics.version","com.unity.services.lobby.version","com.unity.services.core.version","com.unity.services.authentication.version","com.unity.services.relay.version"],"Values":[{"m_Value":"production","m_IsReadOnly":true},{"m_Value":"1.0.1","m_IsReadOnly":true},{"m_Value":"4.1.0","m_IsReadOnly":true},{"m_Value":"1.0.3","m_IsReadOnly":true},{"m_Value":"1.4.2","m_IsReadOnly":true},{"m_Value":"2.1.1","m_IsReadOnly":true},{"m_Value":"1.0.3","m_IsReadOnly":true}]}